{"cameraMode":{"drawMode":0,"name":"Shaded","section":"Shading Mode"},"sceneLighting":true,"audioPlay":false,"sceneViewState":{"showFog":true,"showMaterialUpdate":false,"showSkybox":true,"showFlares":true,"showImageEffects":true,"showParticleSystems":true,"showVisualEffectGraphs":true,"m_FxEnabled":true},"in2DMode":false,"pivot":{"x":-0.9422438740730286,"y":0.2532692551612854,"z":-0.24280019104480744},"rotation":{"x":-0.003652281127870083,"y":-0.9341611266136169,"z":0.3567611575126648,"w":-0.009530380368232727},"size":8.89355182647705,"orthographic":false}