{"cameraMode":{"drawMode":0,"name":"Shaded","section":"Shading Mode"},"sceneLighting":true,"audioPlay":false,"sceneViewState":{"showFog":true,"showMaterialUpdate":false,"showSkybox":true,"showFlares":true,"showImageEffects":true,"showParticleSystems":true,"showVisualEffectGraphs":true,"m_FxEnabled":true},"in2DMode":false,"pivot":{"x":0.763981819152832,"y":0.28436827659606936,"z":-0.6946811676025391},"rotation":{"x":0.036473073065280917,"y":-0.5529341697692871,"z":0.02424836903810501,"w":0.8320977687835693},"size":8.201332092285157,"orthographic":false}