{"cameraMode":{"drawMode":0,"name":"Shaded","section":"Shading Mode"},"sceneLighting":true,"audioPlay":false,"sceneViewState":{"showFog":true,"showMaterialUpdate":false,"showSkybox":true,"showFlares":true,"showImageEffects":true,"showParticleSystems":true,"showVisualEffectGraphs":true,"m_FxEnabled":true},"in2DMode":false,"pivot":{"x":-0.7278785705566406,"y":0.024902522563934327,"z":-0.6796060800552368},"rotation":{"x":0.017377689480781556,"y":-0.6988131999969482,"z":0.01699869893491268,"w":0.7149203419685364},"size":7.993551254272461,"orthographic":false}