{"cameraMode":{"drawMode":0,"name":"Shaded","section":"Shading Mode"},"sceneLighting":true,"audioPlay":false,"sceneViewState":{"showFog":true,"showMaterialUpdate":false,"showSkybox":true,"showFlares":true,"showImageEffects":true,"showParticleSystems":true,"showVisualEffectGraphs":true,"m_FxEnabled":true},"in2DMode":false,"pivot":{"x":5.578006744384766,"y":47.736907958984378,"z":11.240272521972657},"rotation":{"x":-0.31995999813079836,"y":0.02697002701461315,"z":-0.009365028701722622,"w":-0.9470720887184143},"size":35.35533905029297,"orthographic":false}