{"cameraMode":{"drawMode":0,"name":"Shaded","section":"Shading Mode"},"sceneLighting":true,"audioPlay":false,"sceneViewState":{"showFog":true,"showMaterialUpdate":false,"showSkybox":true,"showFlares":true,"showImageEffects":true,"showParticleSystems":true,"showVisualEffectGraphs":true,"m_FxEnabled":true},"in2DMode":false,"pivot":{"x":12.176606178283692,"y":27.746417999267579,"z":29.895856857299806},"rotation":{"x":0.07202204316854477,"y":-0.9266292452812195,"z":0.28693336248397829,"w":0.2322837859392166},"size":2.707099437713623,"orthographic":false}