{"cameraMode":{"drawMode":0,"name":"Shaded","section":"Shading Mode"},"sceneLighting":true,"audioPlay":false,"sceneViewState":{"showFog":true,"showMaterialUpdate":false,"showSkybox":true,"showFlares":true,"showImageEffects":true,"showParticleSystems":true,"showVisualEffectGraphs":true,"m_FxEnabled":true},"in2DMode":false,"pivot":{"x":-3.7200028896331789,"y":28.490039825439454,"z":4.683506011962891},"rotation":{"x":0.026197442784905435,"y":-0.7849276065826416,"z":0.03321122005581856,"w":0.6182253360748291},"size":2.472062110900879,"orthographic":false}