{"cameraMode":{"drawMode":0,"name":"Shaded","section":"Shading Mode"},"sceneLighting":true,"audioPlay":false,"sceneViewState":{"showFog":true,"showMaterialUpdate":false,"showSkybox":true,"showFlares":true,"showImageEffects":true,"showParticleSystems":true,"showVisualEffectGraphs":true,"m_FxEnabled":true},"in2DMode":false,"pivot":{"x":-10.467534065246582,"y":9.92569351196289,"z":51.295677185058597},"rotation":{"x":-0.2857747972011566,"y":0.008659711107611657,"z":-0.0026901874225586654,"w":-0.9583137631416321},"size":41.707645416259769,"orthographic":false}