{"cameraMode":{"drawMode":0,"name":"Shaded","section":"Shading Mode"},"sceneLighting":true,"audioPlay":false,"sceneViewState":{"showFog":true,"showMaterialUpdate":false,"showSkybox":true,"showFlares":true,"showImageEffects":true,"showParticleSystems":true,"showVisualEffectGraphs":true,"m_FxEnabled":true},"in2DMode":false,"pivot":{"x":12.498425483703614,"y":26.068178176879884,"z":31.916406631469728},"rotation":{"x":0.18587084114551545,"y":-0.8016754984855652,"z":0.47275975346565249,"w":0.3152489960193634},"size":2.707099437713623,"orthographic":false}